FIPS,State,County,Life Expectancy,95% CI - Low,95% CI - High,Life Expectancy (Black),Life Expectancy (Hispanic),Life Expectancy (White),# Deaths,Age-Adjusted Mortality,95% CI - Low,95% CI - High,Age-Adjusted Mortality (Black),Age-Adjusted Mortality (Hispanic),Age-Adjusted Mortality (White),# Deaths,Child Mortality Rate,95% CI - Low,95% CI - High,Child Mortality Rate (Black),Child Mortality Rate (Hispanic),Child Mortality Rate (White),# Deaths,Infant Mortality Rate,95% CI - Low,95% CI - High,Infant Mortality Rate (Black),Infant Mortality Rate (Hispanic),Infant Mortality Rate (White),% Frequent Physical Distress,95% CI - Low,95% CI - High,% Frequent Mental Distress,95% CI - Low,95% CI - High,% Diabetic,95% CI - Low,95% CI - High,# HIV Cases,HIV Prevalence Rate,# Food Insecure,% Food Insecure,# Limited Access,% Limited Access,# Drug Overdose Deaths,Drug Overdose Mortality Rate,# Motor Vehicle Deaths,MV Mortality Rate,95% CI - Low,95% CI - High,% Insufficient Sleep,95% CI - Low,95% CI - High,# Uninsured,% Uninsured,95% CI - Low,95% CI - High,# Uninsured,% Uninsured,95% CI - Low,95% CI - High,Other PCP Rate,Other PCP Ratio,% Disconnected Youth,Household Income,95% CI - Low,95% CI - High,Household income (Black),Household income (Hispanic),Household income (White),% Free or Reduced Lunch,Segregation index,Segregation Index,Homicide Rate,95% CI - Low,95% CI - High,# Firearm Fatalities,Firearm Fatalities Rate,95% CI - Low,95% CI - High,# Homeowners,% Homeowners,95% CI - Low,95% CI - High,# Households with Severe Cost Burden,% Severe Housing Cost Burden,95% CI - Low,95% CI - High,Population,% < 18,% 65 and over,# African American,% African American,# American Indian/Alaskan Native,% American Indian/Alaskan Native,# Asian,% Asian,# Native Hawaiian/Other Pacific Islander,% Native Hawaiian/Other Pacific Islander,# Hispanic,% Hispanic,# Non-Hispanic White,% Non-Hispanic White,# Not Proficient in English,% Not Proficient in English,95% CI - Low,95% CI - High,% Female,# Rural,% Rural
17000,Illinois,,79.3,79.2,79.3,,,,141215,327,325,329,,,,6102,52,51,53,,,,6915,6,6,6,,,,11,10,12,10,9,11,9,,,35441,330,1413420,11,573012,4,7024,18,7511,8,8,9,32,31,34,730323,9,9,10,79724,3,2,3,72,1382:1,7,63044,62407,63681,,,,50,72,54,7,7,7,6549,10,10,10,3185142,66,66,66,707757,15,15,15,12802023,22.6,15.2,1803697,14.1,75867,0.6,729694,5.7,8374,0.1,2209337,17.3,7849887,61.3,527265,4,4,4,50.8,1477079,11.5
17001,Illinois,Adams,78.2,77.5,78.9,77.2,,78.1,877,362,337,387,475,,362,41,68,49,92,,,,34,6,4,9,,,,11,10,11,11,10,11,11,8,15,44,79,7690,12,2128,3,33,17,47,10,7,13,29,28,30,2334,6,5,7,363,2,2,3,112,895:1,5,49088,46449,51727,30801,64961,49566,45,53,43,3,1,5,30,9,6,13,19373,71,69,72,2770,10,9,12,66234,22.5,19.9,2553,3.9,182,0.3,591,0.9,21,0.0,1043,1.6,60761,91.7,135,0,0,0,50.8,21875,32.6
17003,Illinois,Alexander,73.9,71.6,76.1,70.6,,75.3,147,545,451,638,702,,489,,,,,,,,,,,,,,,17,17,18,15,15,16,11,8,15,19,342,1650,23,1030,13,,,,,,,36,35,38,273,8,6,9,30,2,1,3,32,3158:1,,33985,29849,38121,23084,,38068,98,56,56,,,,,,,,1714,70,66,75,358,15,10,21,6315,23.7,21.3,2091,33.1,28,0.4,15,0.2,10,0.2,107,1.7,3924,62.1,6,0,0,1,52.0,5096,61.9
17005,Illinois,Bond,78.0,76.7,79.4,,,,244,392,341,442,,,,,,,,,,,,,,,,,,12,11,12,11,11,12,9,6,12,12,82,2030,12,482,3,14,28,25,21,13,31,31,30,32,634,7,6,8,100,3,2,4,53,1883:1,,54831,50013,59649,,,,49,55,43,,,,,,,,4803,78,78,79,479,8,5,11,16948,19.1,18.1,1077,6.4,115,0.7,125,0.7,6,0.0,608,3.6,14830,87.5,34,0,0,1,47.6,10792,60.7
17007,Illinois,Boone,80.2,79.5,80.9,,88.0,79.6,539,288,263,313,,184,305,13,24,13,40,,,,,,,,,,,11,11,12,11,10,11,10,7,13,40,91,3900,7,2607,5,28,17,42,11,8,15,31,30,32,2864,9,8,10,426,3,2,4,17,5946:1,,69413,63103,75723,71193,60918,63846,45,14,12,,,,16,6,3,10,14820,79,77,82,2095,11,9,14,53513,25.1,15.4,1204,2.2,391,0.7,711,1.3,50,0.1,11803,22.1,39009,72.9,1720,3,2,4,50.1,10488,19.4
17009,Illinois,Brown,78.9,76.9,81.0,,,,70,331,257,418,,,,,,,,,,,,,,,,,,11,10,11,10,10,10,8,5,11,15,248,760,11,906,13,,,,,,,33,32,34,119,4,3,5,20,2,1,3,15,6716:1,,53875,47116,60634,,,,83,,,,,,,,,,1628,79,76,81,114,6,2,9,6716,15.4,13.5,1288,19.2,88,1.3,23,0.3,2,0.0,444,6.6,4903,73.0,40,1,0,2,34.9,2849,41.1
17011,Illinois,Bureau,78.5,77.6,79.5,,89.0,78.2,461,364,328,399,,,,,,,,,,,,,,,,,,11,11,12,11,11,11,10,7,14,19,67,3380,10,3727,11,21,21,36,15,11,21,31,30,32,1495,8,7,9,227,3,2,4,69,1445:1,10,55632,51137,60127,,54375,54203,48,,42,,,,16,10,5,16,10518,76,75,77,1208,9,7,11,33243,21.6,21.4,251,0.8,161,0.5,297,0.9,13,0.0,3074,9.2,29168,87.7,406,1,1,2,50.9,20074,57.4
17013,Illinois,Calhoun,82.4,80.1,84.8,,,,43,222,155,307,,,,,,,,,,,,,,,,,,11,10,11,11,10,11,11,8,15,,,520,11,219,4,,,,,,,30,29,32,176,6,5,7,32,3,2,4,21,4833:1,,55138,48548,61728,,,,44,,,,,,,,,,1546,82,79,85,183,10,6,15,4833,20.5,22.8,19,0.4,10,0.2,11,0.2,0,0.0,63,1.3,4707,97.4,0,0,0,1,49.9,5089,100.0
17015,Illinois,Carroll,79.4,78.1,80.7,,,,219,348,297,398,,,,,,,,,,,,,,,,,,11,10,11,11,10,11,11,8,15,,,1530,10,968,6,,,25,24,16,36,28,27,29,636,8,6,9,93,3,2,4,14,7259:1,,49744,44721,54767,11250,52000,50666,47,,32,,,,,,,,5048,77,76,78,590,9,7,12,14518,19.6,24.8,148,1.0,70,0.5,82,0.6,5,0.0,565,3.9,13503,93.0,36,0,0,1,50.1,12598,81.9
17017,Illinois,Cass,77.3,75.9,78.8,,86.4,76.9,175,389,330,448,,,,,,,,,,,,,,,,,,11,11,12,11,11,11,10,7,14,,,1180,9,396,3,,,18,20,12,31,31,30,32,794,11,9,13,116,4,2,5,56,1786:1,,50568,45260,55876,35750,38969,52484,70,34,28,,,,,,,,3786,73,70,77,355,7,5,9,12505,24.0,17.3,443,3.5,85,0.7,77,0.6,16,0.1,2388,19.1,9481,75.8,847,7,5,9,49.7,7112,52.1
17019,Illinois,Champaign,80.7,80.3,81.2,73.4,104.3,81.2,1720,291,277,305,552,146,276,96,61,49,74,110,,51,112,7,6,8,21,,4,12,11,12,11,11,12,9,7,12,368,206,32340,16,9045,4,90,14,113,8,6,9,29,28,30,9035,7,6,8,1251,3,2,4,122,821:1,2,51466,48029,54903,30339,38452,57125,52,47,38,3,3,4,65,6,5,8,44405,55,54,55,13773,18,17,19,209399,19.0,12.4,27241,13.0,756,0.4,22738,10.9,218,0.1,12501,6.0,141164,67.4,3767,2,2,2,50.1,25558,12.7
17021,Illinois,Christian,77.5,76.5,78.4,,,,485,386,350,422,,,,14,50,28,84,,,,24,10,6,14,,,,11,11,12,11,11,11,11,8,15,32,112,3960,12,1063,3,24,24,50,21,16,28,31,29,32,1341,7,6,8,165,2,2,3,36,2759:1,11,52817,48269,57365,14167,123047,50795,55,75,44,,,,17,10,6,16,10449,75,73,77,1021,8,6,9,33102,20.5,19.5,518,1.6,84,0.3,207,0.6,13,0.0,527,1.6,31483,95.1,27,0,0,0,49.1,15121,43.5
17023,Illinois,Clark,77.9,76.6,79.2,,,,222,377,325,429,,,,,,,,,,,,,,,,,,12,11,12,12,11,12,11,7,14,19,142,1940,12,510,3,,,19,17,10,26,31,30,33,562,6,5,7,94,3,2,3,38,2628:1,,55205,49038,61372,,,,54,,12,,,,14,18,10,29,5061,74,72,77,470,7,5,10,15767,23.0,19.1,75,0.5,37,0.2,61,0.4,5,0.0,246,1.6,15205,96.4,30,0,0,1,50.5,9726,59.5
17025,Illinois,Clay,77.3,76.0,78.6,,,,202,377,323,431,,,,,,,,,,,,,,,,,,12,11,12,11,11,12,10,7,14,6,54,1580,12,463,3,,,21,22,14,34,31,30,32,544,7,6,8,80,3,2,3,83,1206:1,,45028,40297,49759,,58056,47479,52,,26,,,,,,,,4447,79,76,82,488,9,6,12,13269,22.7,19.9,57,0.4,32,0.2,102,0.8,0,0.0,200,1.5,12764,96.2,80,1,0,2,50.6,8943,64.7
17027,Illinois,Clinton,79.6,78.7,80.5,,,,398,295,265,324,,,,12,37,19,65,,,,,,,,,,,10,10,10,10,10,10,10,7,14,44,137,3310,9,1828,5,13,11,42,16,11,21,31,30,32,1193,5,5,6,178,2,1,3,53,1881:1,7,65586,61118,70054,62474,47019,65122,34,62,32,,,,,,,,11440,81,79,82,1186,9,7,10,37614,21.4,16.5,1315,3.5,146,0.4,194,0.5,25,0.1,1180,3.1,34405,91.5,145,0,0,1,48.1,18412,48.8
17029,Illinois,Coles,78.2,77.4,79.0,74.1,,78.1,622,364,334,394,,,,23,61,39,91,,,,28,8,5,11,,,,13,13,14,13,12,13,9,6,12,35,76,8010,15,3494,6,15,10,49,13,10,17,31,30,32,2569,8,7,10,204,2,1,3,117,852:1,,46012,40861,51163,14728,31116,43724,54,45,44,3,2,5,15,6,3,9,12996,62,60,64,2780,14,12,16,51979,18.0,16.3,2111,4.1,128,0.2,595,1.1,87,0.2,1349,2.6,47075,90.6,294,1,0,1,51.6,13085,24.3
17031,Illinois,Cook,79.3,79.3,79.4,73.4,85.6,80.7,56956,338,335,340,583,219,281,2749,59,57,61,111,44,37,3250,7,7,7,13,5,4,11,11,11,11,10,11,9,9,10,25623,586,659990,13,88307,2,3046,19,2168,6,6,6,33,33,34,386800,12,11,12,33244,3,2,3,71,1410:1,8,61401,60617,62185,36059,49201,76699,64,78,52,12,12,13,3634,14,13,14,1112383,57,56,57,366693,19,19,20,5211263,22.0,14.3,1207621,23.2,38864,0.7,398760,7.7,3878,0.1,1327941,25.5,2203173,42.3,355487,7,,,51.4,2353,0.0
17033,Illinois,Crawford,77.4,76.3,78.6,,,,268,366,321,411,,,,,,,,,,,,,,,,,,11,10,11,11,10,11,10,7,14,30,180,2170,11,865,4,,,35,26,18,36,31,30,32,731,7,6,8,112,3,2,4,63,1580:1,,49712,45605,53819,113500,,47560,44,,38,,,,,,,,5979,78,71,85,709,10,7,12,18961,19.9,18.6,935,4.9,70,0.4,118,0.6,9,0.0,443,2.3,17228,90.9,141,1,0,1,47.8,11923,60.2
17035,Illinois,Cumberland,78.8,77.1,80.4,,,,135,324,267,381,,,,,,,,,,,,,,,,,,11,11,12,11,11,12,11,7,15,7,77,1230,11,,,,,14,18,10,31,30,29,32,458,7,6,8,76,3,2,4,37,2727:1,,55622,49874,61370,,,,40,,25,,,,,,,,3389,79,76,82,302,7,5,10,10908,22.4,19.2,48,0.4,19,0.2,92,0.8,10,0.1,115,1.1,10532,96.6,0,0,0,1,50.0,11048,100.0
17037,Illinois,DeKalb,79.9,79.3,80.4,75.1,86.4,80.0,881,293,273,313,471,187,291,37,41,29,56,,73,27,47,6,4,7,,,,12,12,12,12,11,12,8,6,10,61,69,13560,13,13224,13,45,14,61,8,6,11,29,28,30,5257,8,7,9,609,3,2,3,42,2380:1,5,60856,55716,65996,22042,46656,62596,41,55,42,2,1,3,31,6,4,8,21139,56,55,58,5954,16,15,18,104733,21.6,12.2,7977,7.6,463,0.4,2905,2.8,76,0.1,11691,11.2,80385,76.8,1694,2,1,2,50.5,21353,20.3
17039,Illinois,De Witt,77.0,75.7,78.3,,,,227,372,321,423,,,,10,71,34,131,,,,,,,,,,,10,10,11,11,10,11,9,7,13,7,51,1660,10,167,1,15,31,19,17,10,26,30,29,32,581,6,5,7,92,3,2,3,31,3188:1,,56091,49516,62666,,32931,56661,48,,16,,,,,,,,5220,78,75,81,415,7,4,9,15942,21.9,18.7,120,0.8,47,0.3,81,0.5,8,0.1,457,2.9,15054,94.4,76,0,0,1,50.3,8074,48.8
17041,Illinois,Douglas,78.3,77.0,79.5,,,,261,375,328,422,,,,11,55,27,98,,,,,,,,,,,11,11,12,11,11,11,9,6,12,,,1820,9,609,3,,,24,17,11,26,31,29,32,1248,11,9,13,237,5,3,6,61,1646:1,12,54538,49094,59982,,45781,53005,37,,32,,,,10,10,5,19,5495,72,69,76,744,10,8,13,19748,25.2,17.6,101,0.5,65,0.3,143,0.7,1,0.0,1472,7.5,17772,90.0,332,2,1,3,50.5,12315,61.6
17043,Illinois,DuPage,82.5,82.3,82.6,79.9,87.5,81.7,6913,212,207,217,300,144,230,268,31,27,35,44,31,30,309,4,4,5,7,4,4,10,9,10,9,9,9,8,7,9,606,78,65520,7,36358,4,393,14,271,4,4,5,30,29,31,40877,7,6,8,5555,2,2,3,72,1392:1,4,89536,87027,92045,53005,61661,88846,30,42,31,2,1,2,182,4,3,5,249800,73,73,74,45762,14,13,14,930128,22.8,15.0,45473,4.9,3685,0.4,112605,12.1,493,0.1,134167,14.4,622983,67.0,32654,4,4,4,50.9,436,0.0
17045,Illinois,Edgar,77.0,75.7,78.3,,,,270,385,336,434,,,,10,68,33,125,,,,,,,,,,,12,11,12,12,11,12,10,7,13,,,2180,12,2873,15,,,26,21,14,31,29,28,31,746,7,6,9,96,3,2,3,98,1019:1,,46916,41690,52142,,,,47,,33,,,,10,11,5,21,5678,74,72,76,805,11,8,14,17328,20.6,21.3,98,0.6,44,0.3,59,0.3,4,0.0,217,1.3,16772,96.8,72,0,0,1,51.0,9623,51.8
17047,Illinois,Edwards,79.2,77.1,81.2,,,,98,374,300,460,,,,,,,,,,,,,,,,,,11,10,11,11,10,11,10,7,14,,,680,10,533,8,,,10,22,10,40,30,29,31,260,7,6,8,41,3,2,4,46,2162:1,,48649,43122,54176,,,,37,,,,,,,,,,2347,84,82,85,144,5,2,8,6486,22.5,21.1,37,0.6,28,0.4,23,0.4,0,0.0,92,1.4,6256,96.5,16,0,0,1,51.1,6721,100.0
17049,Illinois,Effingham,78.8,77.9,79.7,,,,365,305,272,337,,,,21,65,40,99,,,,23,7,5,11,,,,10,10,11,10,10,11,10,7,13,9,32,3260,10,1635,5,16,16,37,15,11,21,29,27,30,1260,6,5,7,200,2,2,3,146,683:1,,60061,54964,65158,31705,48056,54914,38,68,47,6,3,10,10,6,3,11,10443,78,76,80,754,6,4,7,34132,23.7,17.1,158,0.5,89,0.3,259,0.8,11,0.0,701,2.1,32695,95.8,126,0,0,1,50.2,20442,59.7
17051,Illinois,Fayette,78.2,77.0,79.3,,,,315,397,352,442,,,,,,,,,,,,,,,,,,12,11,12,12,11,12,9,6,13,42,224,2690,12,3110,14,15,23,35,23,16,32,31,30,32,998,9,7,10,149,3,2,4,41,2420:1,11,45193,40203,50183,,,,56,,35,,,,11,10,5,18,6184,81,79,83,757,10,8,13,21784,20.8,18.4,1102,5.1,60,0.3,73,0.3,5,0.0,393,1.8,19938,91.5,110,1,0,1,46.7,14831,67.0
17053,Illinois,Ford,76.9,75.6,78.2,,,,207,421,361,481,,,,,,,,,,,,,,,,,,11,11,12,11,11,12,10,7,13,7,61,1530,11,918,7,,,11,11,6,21,31,29,32,542,7,6,8,86,3,2,3,98,1022:1,,55356,48601,62111,,,,45,33,17,,,,,,,,4035,71,68,74,538,10,7,12,13280,23.0,18.7,114,0.9,43,0.3,59,0.4,4,0.0,454,3.4,12461,93.8,52,0,0,1,50.9,5883,41.8
17055,Illinois,Franklin,74.7,73.8,75.6,,,,778,520,481,558,,,,23,66,42,99,,,,22,7,4,10,,,,12,12,13,12,12,13,10,7,14,29,87,5630,14,1720,4,40,34,69,25,20,32,31,30,32,1873,8,7,10,224,3,2,3,72,1394:1,14,40682,36978,44386,29922,29457,39886,48,55,36,,,,20,10,6,16,11767,72,70,74,1840,12,10,14,39041,22.4,20.1,206,0.5,175,0.4,170,0.4,5,0.0,707,1.8,37360,95.7,79,0,0,1,50.7,19219,48.6
17057,Illinois,Fulton,76.3,75.4,77.3,,,,563,417,381,453,,,,13,46,24,78,,,,,,,,,,,12,11,12,11,11,12,10,7,13,45,146,4560,13,2412,7,18,17,40,16,11,22,32,30,33,1431,7,6,9,208,3,2,4,46,2194:1,7,49315,45086,53544,46324,31974,48904,50,65,40,,,,18,10,6,16,10906,78,76,79,1192,9,7,10,35110,19.7,20.3,1340,3.8,233,0.7,121,0.3,4,0.0,1088,3.1,32161,91.6,338,1,0,2,47.9,22251,60.0
17059,Illinois,Gallatin,75.2,72.9,77.5,,,,101,473,374,573,,,,,,,,,,,,,,,,,,12,12,13,12,12,13,11,8,15,6,133,690,13,1636,29,,,12,32,17,56,30,29,32,214,7,6,9,33,3,2,4,39,2540:1,,42533,37066,48000,,,,60,,,,,,,,,,1744,77,74,79,116,6,2,9,5080,20.8,23.1,32,0.6,17,0.3,4,0.1,0,0.0,78,1.5,4876,96.0,17,0,0,2,51.3,5589,100.0
17061,Illinois,Greene,76.1,74.6,77.7,,,,218,437,376,497,,,,,,,,,,,,,,,,,,12,11,12,12,11,12,10,7,14,6,53,1650,12,882,6,,,24,26,16,38,31,29,32,580,8,6,9,81,3,2,4,68,1464:1,13,47188,42884,51492,,,,58,,31,,,,,,,,3976,78,76,81,387,8,5,11,13174,21.2,19.0,159,1.2,38,0.3,32,0.2,2,0.0,154,1.2,12689,96.3,5,0,0,1,49.6,9838,70.8
17063,Illinois,Grundy,78.9,78.2,79.7,,85.0,78.7,532,315,288,342,,244,321,15,29,16,48,,,,,,,,,,,10,10,11,10,10,11,8,6,11,11,27,4700,9,2479,5,26,17,38,11,8,15,30,29,31,1658,5,4,6,252,2,1,2,65,1533:1,,76214,68322,84106,,56625,73785,24,39,37,,,,20,8,5,12,13695,72,70,74,2143,12,9,14,50586,25.5,13.7,727,1.4,191,0.4,451,0.9,22,0.0,5036,10.0,43783,86.6,345,1,0,1,50.1,12203,24.4
17065,Illinois,Hamilton,77.8,75.9,79.7,,,,130,398,326,470,,,,,,,,,,,,,,,,,,11,11,12,11,11,12,11,8,15,,,970,12,366,4,,,,,,,30,29,32,324,7,6,8,58,3,2,4,73,1366:1,,49092,43379,54805,,,,50,,,,,,,,,,2689,79,74,83,217,7,3,11,8194,22.2,21.5,45,0.5,34,0.4,23,0.3,1,0.0,133,1.6,7900,96.4,12,0,,,51.1,5759,68.1
17067,Illinois,Hancock,81.1,79.8,82.4,,,,225,294,252,336,,,,,,,,,,,,,,,,,,11,10,11,11,10,11,11,8,16,6,38,2000,11,2707,14,,,24,18,12,27,29,28,31,651,6,5,8,98,2,2,3,55,1802:1,,52625,49180,56070,,,,46,,26,,,,,,,,6068,81,79,82,451,6,5,8,18020,21.3,22.7,99,0.5,61,0.3,85,0.5,14,0.1,263,1.5,17325,96.1,36,0,0,1,50.4,13559,71.0
17069,Illinois,Hardin,72.3,68.6,76.1,,,,106,574,448,699,,,,,,,,,,,,,,,,,,13,12,13,12,12,13,12,8,16,,,600,14,206,5,,,11,38,19,68,31,30,33,180,8,7,9,25,3,2,4,74,1349:1,,40160,35463,44857,,,,57,,35,,,,,,,,1165,80,76,84,95,7,2,11,4046,17.2,25.8,75,1.9,32,0.8,21,0.5,5,0.1,93,2.3,3776,93.3,0,0,0,1,48.5,4320,100.0
17071,Illinois,Henderson,79.3,77.0,81.7,,,,108,374,295,453,,,,,,,,,,,,,,,,,,11,10,11,11,10,11,11,8,16,,,720,10,33,0,,,10,20,10,38,30,29,31,309,8,7,9,45,3,2,5,29,3398:1,,51014,44930,57098,,,,58,,,,,,,,,,2397,79,77,82,134,5,2,7,6795,18.2,24.8,22,0.3,20,0.3,28,0.4,5,0.1,117,1.7,6531,96.1,3,0,0,1,51.3,7306,99.7
17073,Illinois,Henry,79.2,78.5,80.0,,84.0,79.0,628,322,296,349,,,,18,40,24,64,,,,,,,,,,,11,10,11,11,10,11,11,8,14,19,46,5090,10,2559,5,11,7,52,15,11,20,30,28,31,1906,7,6,8,257,2,2,3,36,2740:1,,58675,53135,64215,14727,42365,56698,43,63,47,,,,20,8,5,13,15635,78,77,80,1482,8,6,9,49328,22.5,19.9,865,1.8,152,0.3,233,0.5,13,0.0,2830,5.7,44658,90.5,351,1,0,1,50.1,25382,50.3
17075,Illinois,Iroquois,75.7,74.5,76.8,,77.2,75.2,485,452,409,495,,,,17,68,40,109,,,,,,,,,,,12,11,12,11,11,12,11,8,15,15,62,3140,11,2241,8,17,20,46,23,17,31,31,29,32,1380,9,7,10,188,3,2,4,75,1327:1,7,50131,44879,55383,21929,38843,49810,50,58,34,,,,21,15,9,23,8997,76,74,78,1481,13,11,15,27876,21.6,21.2,300,1.1,104,0.4,187,0.7,7,0.0,1951,7.0,25054,89.9,304,1,1,2,50.9,21320,71.7
17077,Illinois,Jackson,78.5,77.7,79.4,76.1,95.9,78.3,676,384,354,415,506,,386,27,63,42,92,,,,33,7,5,10,,,,14,14,14,13,13,14,9,6,11,50,97,11000,19,6755,11,33,19,63,15,12,19,35,33,36,3212,9,7,10,393,4,2,5,172,583:1,4,38157,34614,41700,16895,28500,41350,56,43,37,,,,31,11,7,15,12706,53,52,54,4528,20,18,23,58284,18.4,15.0,8590,14.7,313,0.5,2241,3.8,54,0.1,2581,4.4,43139,74.0,487,1,0,1,50.0,22381,37.2
17079,Illinois,Jasper,79.0,77.1,80.9,,,,119,333,271,396,,,,,,,,,,,,,,,,,,10,10,11,10,10,11,10,7,14,,,880,9,388,4,,,13,19,10,33,29,28,30,412,7,6,9,66,3,2,4,52,1916:1,,55240,49549,60931,,,,41,,11,,,,,,,,3036,82,79,84,328,9,5,13,9578,22.7,19.3,19,0.2,20,0.2,36,0.4,2,0.0,156,1.6,9289,97.0,29,0,0,1,49.7,6775,69.9
17081,Illinois,Jefferson,76.7,75.8,77.6,72.3,,77.0,582,415,380,450,528,,408,26,77,50,113,,,,26,8,5,12,,,,12,12,12,12,11,12,10,7,14,41,127,5360,14,3334,9,25,22,55,20,15,27,31,30,33,1482,7,6,8,225,3,2,3,84,1193:1,7,50622,47461,53783,29830,23750,47234,62,67,53,4,2,7,20,10,6,16,11179,73,72,75,1632,11,9,13,38179,22.4,18.5,3376,8.8,133,0.3,489,1.3,13,0.0,991,2.6,32576,85.3,92,0,0,1,48.4,22819,58.8
17083,Illinois,Jersey,76.4,75.2,77.6,,,,345,415,369,462,,,,10,54,26,98,,,,,,,,,,,10,10,11,10,10,11,10,7,14,9,47,2170,10,967,4,26,39,24,15,10,23,30,29,31,746,6,5,7,109,2,1,3,32,3134:1,,58928,51602,66254,,62702,56411,48,,73,,,,14,13,7,21,7179,81,79,84,816,10,7,12,21941,20.4,19.1,156,0.7,81,0.4,154,0.7,6,0.0,315,1.4,20992,95.7,101,0,0,1,51.1,13922,60.6
17085,Illinois,Jo Daviess,80.4,79.1,81.7,,,,267,279,241,318,,,,,,,,,,,,,,,,,,10,10,10,10,10,11,12,8,15,14,73,2060,9,1400,6,,,35,23,16,31,27,26,29,888,7,6,9,141,3,2,4,28,3599:1,,51866,46071,57661,19792,49063,55979,31,,28,,,,,,,,7677,78,77,80,887,9,7,11,21594,19.5,27.2,138,0.6,68,0.3,126,0.6,12,0.1,644,3.0,20439,94.7,115,1,0,1,50.1,16462,72.6
17087,Illinois,Johnson,79.1,77.5,80.7,,,,184,351,298,405,,,,,,,,,,,,,,,,,,11,11,12,11,10,11,10,7,13,36,321,1610,13,1810,14,,,11,12,6,22,31,30,33,429,7,6,8,76,3,2,4,47,2150:1,,49763,44528,54998,,,,46,,27,,,,,,,,3655,81,79,84,425,10,7,13,12900,18.0,20.5,1209,9.4,41,0.3,31,0.2,4,0.0,431,3.3,11071,85.8,6,0,0,1,43.3,12582,100.0
17089,Illinois,Kane,81.6,81.3,81.9,77.3,89.0,81.0,4151,242,234,249,427,173,255,210,37,32,42,89,40,30,264,5,5,6,14,5,4,10,10,11,10,10,10,9,7,10,317,74,29810,6,19688,4,192,12,215,6,5,7,32,31,33,38604,12,11,13,4971,3,3,4,64,1563:1,5,75739,73413,78065,47717,53358,87175,44,47,43,2,2,3,121,5,4,5,128974,73,73,74,24153,14,13,15,534667,25.9,13.1,28503,5.3,5530,1.0,23130,4.3,427,0.1,171880,32.1,304150,56.9,37260,8,7,8,50.2,18335,3.6
17091,Illinois,Kankakee,76.6,76.1,77.2,72.6,85.3,77.0,1573,416,395,437,569,207,406,69,66,51,83,127,75,43,86,9,7,11,19,,7,12,11,12,11,11,12,9,7,12,118,128,14500,13,5215,5,68,21,110,14,12,17,32,31,33,5259,8,7,9,727,3,2,4,80,1246:1,9,57706,53740,61672,29046,46952,62759,47,59,54,8,6,10,58,11,8,14,27511,68,67,70,5485,14,13,15,109605,23.2,16.4,16163,14.7,455,0.4,1144,1.0,51,0.0,11613,10.6,78695,71.8,1522,1,1,2,50.7,27746,24.5
17093,Illinois,Kendall,81.6,81.0,82.3,79.1,86.6,81.3,839,241,224,257,319,165,248,54,37,28,49,,50,32,66,6,5,7,,,,9,9,10,9,9,10,9,7,12,33,34,6860,6,3484,3,52,14,56,7,5,9,31,30,32,4803,6,5,7,741,2,1,3,29,3411:1,,97039,86332,107746,81579,74716,95216,24,17,16,2,1,3,22,4,2,5,32645,82,80,84,4674,12,10,14,126218,28.8,9.9,8765,6.9,646,0.5,3947,3.1,83,0.1,23801,18.9,87590,69.4,3728,3,2,4,50.4,11955,10.4
17095,Illinois,Knox,76.8,76.1,77.6,72.1,83.1,76.7,828,420,390,450,603,,424,29,72,48,103,200,,58,30,8,5,11,,,,12,12,13,12,12,12,11,8,15,68,154,7130,14,3586,7,20,13,42,12,8,16,30,29,31,1975,7,6,8,219,2,1,3,77,1298:1,9,44686,40941,48431,16250,40721,43859,55,45,42,3,2,5,19,7,4,12,13862,66,64,68,2054,10,9,12,50638,19.6,21.0,4010,7.9,206,0.4,469,0.9,14,0.0,2947,5.8,41978,82.9,286,1,0,1,49.6,12870,24.3
17097,Illinois,Lake,81.6,81.4,81.8,76.8,86.6,81.2,5634,242,235,248,445,184,249,240,34,30,39,87,34,27,269,5,4,5,12,4,4,10,10,10,10,9,10,7,6,9,755,130,47730,7,40861,6,261,12,291,6,5,7,32,31,33,38480,9,8,10,5276,3,2,4,63,1595:1,5,86242,82496,89988,43537,54087,94177,33,57,36,3,2,3,183,5,4,6,179525,73,73,74,33430,14,13,15,703520,24.4,13.7,48142,6.8,6073,0.9,56073,8.0,700,0.1,153833,21.9,433635,61.6,32276,5,5,5,50.0,8915,1.3
17099,Illinois,LaSalle,77.1,76.6,77.7,73.6,84.2,76.9,1580,393,372,413,589,232,404,52,54,40,71,,,,52,6,5,8,,,,11,11,12,11,11,11,10,7,13,55,58,12190,11,6950,6,83,25,112,14,12,17,31,29,32,4625,7,6,8,556,2,2,3,50,2001:1,8,56854,54223,59485,,48629,56061,50,50,33,1,1,3,43,8,6,10,32306,73,71,74,5160,12,11,13,110067,21.5,18.5,2887,2.6,407,0.4,1036,0.9,35,0.0,10792,9.8,93889,85.3,1108,1,1,1,49.5,34422,30.2
17101,Illinois,Lawrence,76.0,74.8,77.3,71.9,,75.7,245,430,375,485,,,,,,,,,,,,,,,,,,12,12,13,12,11,12,10,7,13,11,77,2410,15,878,5,,,25,22,14,32,33,32,34,618,8,6,9,83,3,2,4,37,2695:1,,45235,40867,49603,,52639,45827,56,,45,,,,,,,,4459,71,67,75,467,8,5,11,16168,18.8,17.0,1640,10.1,62,0.4,76,0.5,5,0.0,630,3.9,13642,84.4,131,1,0,1,43.6,9766,58.0
17103,Illinois,Lee,78.7,77.7,79.6,84.9,86.3,78.4,477,353,320,386,,,,18,65,39,103,,,,,,,,,,,11,11,11,11,10,11,10,7,13,31,105,3600,10,1209,3,14,14,33,14,9,19,30,29,31,1173,6,5,7,181,3,2,3,47,2150:1,,59450,54964,63936,,52206,58516,44,52,35,,,,11,6,3,11,9905,74,71,76,1126,9,7,10,34406,19.9,19.1,1810,5.3,118,0.3,282,0.8,15,0.0,2119,6.2,29723,86.4,274,1,0,1,47.0,19173,53.2
17105,Illinois,Livingston,77.2,76.3,78.1,76.5,,76.9,527,404,368,440,,,,18,57,34,90,,,,21,7,4,11,,,,11,11,12,11,10,11,9,7,12,77,246,4150,11,952,2,27,25,45,17,13,23,30,29,31,1323,7,6,8,193,2,2,3,63,1588:1,,55003,50056,59950,,28889,55623,43,51,18,4,2,7,17,9,5,15,10432,73,71,74,1671,12,10,14,36518,21.4,18.5,1665,4.6,106,0.3,254,0.7,6,0.0,1702,4.7,32405,88.7,162,0,0,1,49.6,15893,40.8
17107,Illinois,Logan,77.0,76.0,78.0,72.9,,76.5,434,415,375,455,,,,15,66,37,110,,,,,,,,,,,11,11,11,11,10,11,10,7,14,58,227,3650,12,3126,10,18,20,22,11,7,16,31,30,32,837,6,5,7,126,2,1,3,55,1828:1,8,56838,51632,62044,47500,59352,59149,49,,19,,,,13,9,5,15,8016,73,71,75,785,7,6,9,29245,19.2,17.8,2403,8.2,109,0.4,226,0.8,6,0.0,1007,3.4,25170,86.1,56,0,0,1,49.2,12081,39.9
17109,Illinois,McDonough,78.0,77.0,79.1,75.9,,78.2,347,352,313,391,,,,11,53,26,94,,,,,,,,,,,12,12,13,12,12,12,9,7,13,18,65,4900,16,2195,7,,,24,11,7,16,31,30,33,1327,8,6,9,145,3,2,4,58,1712:1,,44524,39887,49161,,,,45,56,44,,,,10,6,3,12,7659,67,65,68,1379,13,10,15,30823,16.8,17.1,1629,5.3,108,0.4,735,2.4,5,0.0,853,2.8,27088,87.9,157,1,0,1,50.7,9622,29.5
17111,Illinois,McHenry,80.3,80.0,80.7,81.3,93.6,79.8,2870,270,260,280,233,190,284,84,28,22,35,,32,27,86,4,3,5,,4,4,10,10,10,10,9,10,10,8,13,108,42,21010,7,21858,7,186,20,195,9,8,10,30,29,31,12837,7,6,8,1905,2,2,3,41,2415:1,5,86450,82218,90682,73250,60787,84424,41,51,24,1,1,2,78,5,4,6,88011,79,78,80,13060,12,11,13,309122,23.9,14.0,4600,1.5,1440,0.5,9174,3.0,166,0.1,40554,13.1,250527,81.0,6758,2,2,3,50.2,30501,9.9
17113,Illinois,McLean,80.3,79.8,80.7,77.8,98.7,80.1,1455,284,269,298,394,,289,80,53,42,66,104,,42,110,8,6,9,21,,6,11,10,11,11,10,11,8,6,10,161,111,21020,12,16606,10,79,15,82,7,5,8,32,31,33,5441,5,4,6,790,2,1,3,75,1336:1,4,68895,64517,73273,29778,41903,68217,36,40,33,2,1,3,35,4,3,6,42861,65,64,66,7752,12,11,13,172290,21.8,12.8,13230,7.7,532,0.3,9079,5.3,96,0.1,8521,4.9,137411,79.8,1487,1,1,1,51.4,27974,16.5
17115,Illinois,Macon,77.5,77.0,78.1,74.3,88.4,78.0,1580,401,380,422,522,,384,68,71,55,90,128,,48,77,8,7,10,15,,5,12,11,12,12,11,12,10,8,14,132,146,16720,15,8168,7,55,17,84,11,9,14,32,31,33,4180,7,6,8,526,2,1,3,126,795:1,9,51828,48625,55031,24089,48750,52787,43,54,43,6,5,8,52,10,7,13,30998,70,69,71,4869,11,10,12,105801,22.2,19.5,18254,17.3,281,0.3,1285,1.2,44,0.0,2426,2.3,80768,76.3,290,0,,,52.1,16905,15.3
17117,Illinois,Macoupin,77.0,76.2,77.9,,,,668,385,354,416,,,,26,66,43,97,,,,28,9,6,13,,,,11,11,11,11,11,11,10,7,14,26,66,5120,11,2954,6,25,18,50,15,11,20,31,30,32,1829,7,6,8,255,3,2,3,55,1818:1,5,51756,46331,57181,,76094,53769,50,62,33,3,2,6,21,9,6,14,14310,77,75,78,1749,10,8,11,45446,21.2,19.6,425,0.9,162,0.4,160,0.4,15,0.0,579,1.3,43670,96.1,94,0,0,0,50.5,27949,58.5
17119,Illinois,Madison,77.0,76.6,77.3,71.4,92.2,77.2,3782,404,391,418,622,139,397,133,57,47,66,144,,46,124,6,5,7,15,,4,12,11,12,11,11,11,10,8,13,204,91,32630,12,32492,12,241,30,221,12,10,13,33,32,34,10222,6,5,7,1396,2,2,3,62,1609:1,6,58077,54750,61404,29585,41413,60185,45,53,44,3,3,4,126,10,8,11,75734,71,70,71,12055,12,11,12,265428,22.0,16.7,22664,8.5,892,0.3,2809,1.1,164,0.1,8753,3.3,225606,85.0,840,0,0,0,51.3,35924,13.3
17121,Illinois,Marion,74.0,73.1,75.0,72.7,,74.1,742,536,495,576,540,,539,27,77,51,112,,,,20,6,4,9,,,,12,12,13,12,12,12,10,7,13,18,56,5140,13,4926,12,30,26,40,15,11,20,31,30,32,1506,7,6,8,217,2,2,3,95,1053:1,12,45126,40576,49676,23232,16803,46281,65,70,50,4,2,8,26,14,9,20,11893,74,73,76,1527,10,8,12,37902,23.0,19.5,1572,4.1,133,0.4,250,0.7,10,0.0,776,2.0,34530,91.1,164,0,0,1,51.2,17769,45.1
17123,Illinois,Marshall,76.8,75.2,78.4,,,,211,430,368,492,,,,,,,,,,,,,,,,,,10,10,11,10,10,11,11,8,16,8,78,1150,10,770,6,,,16,19,11,31,29,28,30,410,6,5,7,72,3,2,4,26,3910:1,,55337,48927,61747,,56167,55239,48,,21,,,,,,,,4071,83,81,85,381,8,6,10,11730,20.4,22.8,77,0.7,44,0.4,61,0.5,2,0.0,329,2.8,11122,94.8,35,0,0,1,50.5,12640,100.0
17125,Illinois,Mason,76.7,75.2,78.2,,,,227,414,357,471,,,,,,,,,,,,,,,,,,12,11,12,12,11,12,11,8,15,,,1750,13,1787,12,,,16,16,9,27,30,28,31,578,7,6,9,79,3,2,4,58,1714:1,,51731,47461,56001,,,,50,,31,,,,19,28,17,43,4662,77,75,80,585,10,8,12,13715,20.8,22.1,84,0.6,53,0.4,57,0.4,1,0.0,148,1.1,13244,96.6,9,0,0,1,50.9,11364,77.5
17127,Illinois,Massac,73.8,72.1,75.5,,,,308,559,493,625,,,,13,100,54,172,,,,,,,,,,,12,12,13,12,11,12,11,8,15,,,2070,14,675,4,10,23,16,15,9,25,31,30,33,567,7,6,8,78,2,2,3,7,14344:1,,47646,43067,52225,23009,,44482,62,30,26,,,,15,20,11,34,4471,73,70,77,829,14,10,18,14344,22.3,20.5,801,5.6,74,0.5,78,0.5,2,0.0,437,3.0,12633,88.1,24,0,0,1,52.0,7793,50.5
17129,Illinois,Menard,79.1,77.4,80.7,,,,162,336,281,391,,,,,,,,,,,,,,,,,,11,10,11,11,10,11,10,7,14,10,95,1280,10,57,0,,,15,17,10,28,30,29,31,422,6,5,7,75,3,2,3,8,12245:1,,65367,58785,71949,,,,33,,13,,,,,,,,3974,76,73,79,426,9,6,11,12245,22.1,19.0,114,0.9,41,0.3,43,0.4,3,0.0,189,1.5,11699,95.5,0,0,0,1,51.3,9617,75.7
17131,Illinois,Mercer,78.8,77.5,80.1,,,,243,369,320,418,,,,,,,,,,,,,,,,,,10,10,10,10,10,11,10,7,14,11,82,1620,10,1160,7,,,12,11,6,19,28,27,30,558,6,5,7,91,3,2,3,38,2603:1,,52846,47695,57997,,51250,55791,40,,30,,,,,,,,5126,77,75,79,529,8,6,11,15618,21.1,21.4,100,0.6,44,0.3,60,0.4,6,0.0,392,2.5,14881,95.3,14,0,0,1,50.1,12779,77.8
17133,Illinois,Monroe,82.0,81.1,82.9,,,,283,226,199,253,,,,,,,,,,,,,,,,,,9,8,9,9,9,10,10,7,14,,,2290,7,1703,5,10,10,24,10,7,15,28,27,30,936,5,4,5,145,2,1,2,53,1894:1,,83767,74000,93534,41970,,74545,19,34,30,,,,17,10,6,16,10852,82,80,84,1242,9,7,12,34097,22.4,17.1,119,0.3,76,0.2,203,0.6,10,0.0,526,1.5,32882,96.4,105,0,0,1,50.4,13631,41.4
17135,Illinois,Montgomery,78.1,77.1,79.1,,,,403,375,337,413,,,,15,63,35,104,,,,,,,,,,,11,11,12,11,11,12,11,8,15,42,168,3850,13,2280,8,17,20,28,14,9,20,31,30,32,1124,7,6,8,140,2,1,3,83,1200:1,9,51206,45969,56443,,67143,47904,52,,36,,,,10,7,3,13,8767,78,76,80,962,9,7,11,28790,20.4,19.7,1005,3.5,67,0.2,142,0.5,11,0.0,521,1.8,26818,93.2,33,0,0,0,47.5,12530,41.6
17137,Illinois,Morgan,78.0,77.1,79.0,70.5,,78.2,522,397,361,432,613,,394,13,48,25,82,,,,,,,,,,,11,11,12,11,11,12,10,7,14,25,84,4280,12,4688,13,11,11,31,13,9,18,32,30,33,1118,6,5,7,150,2,1,3,56,1779:1,11,52357,47663,57051,26296,,51232,52,64,53,,,,12,7,4,12,9578,69,67,71,1466,11,9,13,33798,19.4,19.7,2105,6.2,137,0.4,225,0.7,17,0.1,821,2.4,29996,88.8,110,0,0,1,49.7,12878,36.2
17139,Illinois,Moultrie,77.9,76.5,79.3,,,,173,340,287,392,,,,,,,,,,,,,,,,,,11,11,12,11,11,12,10,7,13,,,1520,10,117,1,,,15,14,8,24,30,29,31,705,9,7,10,128,3,2,4,20,4896:1,,60496,54079,66913,,41786,54313,46,,29,,,,,,,,4441,76,73,79,481,8,6,11,14688,25.4,18.5,76,0.5,36,0.2,44,0.3,5,0.0,206,1.4,14202,96.7,61,0,0,1,51.2,10279,69.2
17141,Illinois,Ogle,79.1,78.3,79.8,,85.7,78.7,622,325,299,352,,229,334,23,49,31,73,,,,22,6,4,9,,,,11,10,11,11,10,11,10,7,13,33,76,4740,9,2928,5,23,15,46,13,9,17,29,28,31,2097,7,6,8,310,3,2,3,31,3191:1,8,60656,56777,64535,,44647,58268,36,58,48,,,,23,9,6,13,15594,75,73,76,2317,11,10,13,51063,22.6,18.3,533,1.0,188,0.4,316,0.6,39,0.1,5250,10.3,44272,86.7,1193,2,2,3,50.2,25197,47.1
17143,Illinois,Peoria,77.5,77.1,77.9,72.9,91.5,78.2,2459,390,374,405,592,182,365,120,68,56,80,132,,41,155,8,7,10,19,,4,12,12,13,12,11,12,10,8,12,337,219,28390,15,12760,7,134,24,122,9,8,11,32,31,32,7887,7,6,8,1072,2,2,3,174,574:1,7,54195,51343,57047,28143,44963,58611,51,63,49,8,7,10,101,11,9,13,48422,65,64,66,9022,13,11,14,183011,23.8,16.5,33251,18.2,733,0.4,7494,4.1,121,0.1,8827,4.8,128187,70.0,2091,1,1,1,51.5,27313,14.6
17145,Illinois,Perry,77.6,76.5,78.8,77.3,,77.2,295,373,329,417,,,,10,60,29,110,,,,,,,,,,,11,11,12,11,11,11,10,7,13,27,146,2910,14,2168,10,12,19,22,14,9,22,32,31,33,763,7,6,8,98,2,2,3,56,1774:1,,50553,44594,56512,25089,,46092,52,67,48,,,,,,,,6137,75,72,77,928,12,9,15,21285,19.4,18.3,1821,8.6,85,0.4,102,0.5,13,0.1,675,3.2,18307,86.0,16,0,0,1,45.2,9754,43.6
17147,Illinois,Piatt,79.5,78.2,80.9,,,,184,295,250,340,,,,10,68,33,125,,,,,,,,,,,9,9,10,10,9,10,11,8,15,,,1270,8,115,1,,,15,13,7,21,29,28,30,519,5,4,6,94,2,2,3,43,2349:1,,67173,60067,74279,,45000,69594,33,,5,,,,,,,,5452,82,80,83,361,5,4,7,16445,22.5,19.0,106,0.6,36,0.2,68,0.4,8,0.0,213,1.3,15857,96.4,9,0,0,1,50.6,11319,67.7
17149,Illinois,Pike,77.0,75.6,78.4,,,,239,403,349,457,,,,,,,,,,,,,,,,,,12,11,12,12,11,12,11,8,16,,,1780,11,1450,9,,,22,20,12,30,30,29,31,822,9,8,11,126,3,2,5,70,1438:1,,43301,38402,48200,,49375,41609,53,,29,,,,,,,,5137,77,75,80,535,8,6,11,15821,22.0,20.4,299,1.9,37,0.2,47,0.3,6,0.0,196,1.2,15114,95.5,12,0,0,1,49.6,11880,72.3
17151,Illinois,Pope,79.6,77.2,82.0,,,,70,330,250,426,,,,,,,,,,,,,,,,,,11,11,12,11,11,11,11,7,15,,,510,12,341,8,,,,,,,30,29,31,206,8,7,10,20,3,2,4,23,4325:1,,43119,37677,48561,,,,56,,7,,,,,,,,1399,85,83,88,123,8,3,13,4325,12.2,26.9,277,6.4,32,0.7,17,0.4,3,0.1,81,1.9,3866,89.4,0,0,0,1,47.1,4470,100.0
17153,Illinois,Pulaski,76.3,74.4,78.3,78.5,,75.3,104,461,365,556,437,,478,,,,,,,,,,,,,,,15,14,15,14,13,14,12,8,15,11,228,1060,18,591,10,,,,,,,35,34,36,281,9,7,10,34,3,2,4,,,,38846,33808,43884,29239,26250,39336,84,34,32,,,,,,,,1656,74,71,77,234,11,7,15,5509,21.6,21.9,1653,30.0,35,0.6,18,0.3,3,0.1,128,2.3,3535,64.2,14,0,0,2,51.7,6161,100.0
17155,Illinois,Putnam,78.2,75.6,80.9,,,,84,345,268,438,,,,,,,,,,,,,,,,,,10,10,10,10,10,10,10,7,14,,,520,9,132,2,,,,,,,29,28,31,221,7,5,8,35,3,2,4,17,5727:1,,64000,56769,71231,,105313,63319,33,,,,,,,,,,1945,80,78,82,169,7,4,10,5727,20.2,22.5,41,0.7,16,0.3,22,0.4,1,0.0,338,5.9,5253,91.7,67,1,0,3,48.7,6006,100.0
17157,Illinois,Randolph,77.6,76.6,78.5,77.8,,77.2,443,370,335,406,419,,385,10,40,19,73,,,,,,,,,,,11,11,12,11,10,11,10,7,14,37,130,3630,11,1124,3,17,17,77,33,26,42,31,30,33,999,6,5,7,142,2,1,3,68,1474:1,,52749,48142,57356,35158,52143,50760,49,69,40,4,2,8,16,10,6,16,9126,76,73,78,794,7,5,8,32423,19.2,18.2,3423,10.6,91,0.3,135,0.4,22,0.1,1042,3.2,27434,84.6,68,0,0,1,44.5,14275,42.6
17159,Illinois,Richland,76.7,75.3,78.2,,,,233,406,352,461,,,,13,91,48,155,,,,,,,,,,,12,12,12,12,11,12,10,7,14,6,45,1900,12,379,2,,,20,18,11,28,31,29,32,635,7,6,8,98,3,2,4,57,1767:1,,48489,43820,53158,,,,54,,33,,,,,,,,4596,71,68,74,464,8,5,10,15901,22.9,20.1,114,0.7,51,0.3,142,0.9,3,0.0,288,1.8,15120,95.1,48,0,0,1,50.7,7056,43.5
17161,Illinois,Rock Island,78.4,77.9,78.8,74.4,86.6,78.3,1935,362,345,379,536,189,365,66,51,39,65,110,,45,78,6,5,8,18,,4,11,11,11,11,11,11,11,8,13,268,219,17330,12,9351,6,53,12,69,7,5,9,33,32,34,6816,8,7,9,974,3,2,4,81,1238:1,5,51805,49631,53979,34045,48951,53414,56,45,36,5,4,6,52,7,5,9,41434,69,68,70,6779,12,10,13,144808,22.4,18.7,14861,10.3,863,0.6,3749,2.6,68,0.0,18765,13.0,103837,71.7,3545,3,2,3,50.7,16112,10.9
17163,Illinois,St. Clair,76.8,76.4,77.1,73.1,99.8,78.0,3749,424,410,437,592,188,370,183,73,62,83,110,,51,196,8,7,10,13,,6,12,12,13,12,11,12,12,10,15,691,315,44290,17,32344,12,145,18,252,14,12,15,35,34,35,12217,8,7,9,1448,2,2,3,82,1215:1,11,51937,49497,54377,27852,47476,63754,52,57,51,15,13,17,262,20,17,22,67109,65,64,66,14131,14,13,15,262479,23.6,15.2,79240,30.2,993,0.4,3787,1.4,258,0.1,10810,4.1,162161,61.8,1586,1,0,1,51.7,26343,9.8
17165,Illinois,Saline,74.1,73.1,75.1,,,,492,522,473,570,1034,,511,12,57,29,99,,,,20,9,6,14,,,,13,13,14,13,12,13,11,8,14,,,3910,16,4920,20,17,23,24,14,9,21,32,30,33,1042,7,6,9,126,2,2,3,104,964:1,,41394,36574,46214,,24605,41960,58,42,26,,,,,,,,7208,73,70,75,1062,11,9,14,24102,21.8,20.0,913,3.8,107,0.4,163,0.7,21,0.1,445,1.8,22051,91.5,188,1,0,1,50.7,10878,43.7
17167,Illinois,Sangamon,78.0,77.6,78.4,74.7,89.3,78.4,2574,362,348,377,527,,348,102,57,46,68,115,,38,126,8,7,9,17,,5,11,11,11,11,11,11,10,8,13,292,175,25920,13,10207,5,130,22,144,10,9,12,33,32,34,6564,6,5,6,938,2,1,3,167,599:1,8,61519,58875,64163,26555,52641,63480,43,56,48,5,4,7,104,11,9,13,58052,69,69,70,10305,13,12,14,196452,22.5,17.2,25015,12.7,507,0.3,3979,2.0,67,0.0,4509,2.3,158107,80.5,715,0,0,0,52.0,27895,14.1
17169,Illinois,Schuyler,76.6,74.4,78.8,,,,126,437,356,518,,,,,,,,,,,,,,,,,,11,11,12,11,11,11,11,7,14,,,940,13,269,4,,,11,22,11,39,31,30,33,353,8,7,10,38,3,2,3,71,1407:1,,52946,46263,59629,,,,43,,,,,,,,,,2277,80,78,82,130,5,2,7,7035,19.0,21.9,269,3.8,13,0.2,25,0.4,0,0.0,126,1.8,6565,93.3,30,0,0,2,47.4,4348,57.6
17171,Illinois,Scott,75.8,73.1,78.5,,,,86,478,379,596,,,,,,,,,,,,,,,,,,11,11,12,11,11,12,10,7,14,,,590,11,68,1,,,,,,,30,29,31,202,7,6,8,30,3,2,4,20,5002:1,,49745,43898,55592,,,,48,,,,,,,,,,1597,76,72,80,157,8,4,12,5002,21.5,19.8,20,0.4,12,0.2,13,0.3,0,0.0,62,1.2,4855,97.1,12,0,0,2,50.4,5355,100.0
17173,Illinois,Shelby,79.8,78.5,81.0,,,,299,337,296,378,,,,12,65,33,113,,,,,,,,,,,11,11,12,11,11,12,10,7,14,7,38,2340,11,2034,9,,,23,15,10,22,30,28,31,764,6,5,7,112,2,2,3,23,4344:1,,51873,46727,57019,,,,45,,27,,,,10,9,4,17,7415,81,78,83,725,8,6,10,21719,21.3,22.0,89,0.4,47,0.2,74,0.3,9,0.0,217,1.0,21117,97.2,12,0,0,0,50.3,17383,77.7
17175,Illinois,Stark,76.4,73.8,79.1,,,,95,440,349,547,,,,,,,,,,,,,,,,,,11,11,11,11,11,11,11,8,15,,,660,11,562,9,,,14,35,19,58,29,28,31,202,6,5,8,39,3,2,4,37,2717:1,,51446,45676,57216,,,,45,,,,,,,,,,1872,80,76,84,173,8,4,11,5434,22.0,21.0,34,0.6,14,0.3,28,0.5,4,0.1,96,1.8,5188,95.5,1,0,0,1,50.4,5994,100.0
17177,Illinois,Stephenson,78.9,78.0,79.7,74.9,84.8,79.2,591,340,311,370,461,,331,25,63,41,93,135,,45,21,6,4,9,,,,12,11,12,12,11,12,13,10,17,41,106,6170,13,1029,2,18,13,35,11,8,15,31,29,32,1841,7,6,8,247,2,2,3,53,1877:1,10,48237,43139,53335,27345,38518,49067,54,55,51,3,2,6,19,8,5,13,13537,69,68,71,2115,11,9,13,45054,21.6,22.0,4409,9.8,119,0.3,289,0.6,19,0.0,1798,4.0,37225,82.6,121,0,0,1,51.4,19129,40.1
17179,Illinois,Tazewell,78.6,78.1,79.0,75.0,89.4,78.4,1717,351,334,368,,,,47,38,28,51,,,,58,5,4,7,,,,10,10,10,10,10,11,10,7,12,48,43,13110,10,13777,10,81,20,89,9,8,12,28,27,29,3889,5,4,6,586,2,1,2,43,2343:1,6,61086,57161,65011,25900,57409,61123,38,69,35,2,1,3,50,7,6,10,41725,76,75,77,3689,7,6,8,133526,22.8,18.1,1705,1.3,448,0.3,1144,0.9,44,0.0,3099,2.3,125475,94.0,337,0,0,0,50.8,27645,20.4
17181,Illinois,Union,75.5,74.0,77.0,,,,317,476,420,531,,,,15,104,58,171,,,,,,,,,,,12,11,12,12,11,12,11,8,15,9,61,2050,12,965,5,,,16,13,8,21,31,29,32,826,8,7,10,118,3,2,4,129,773:1,,45847,40065,51629,,32593,48031,63,,30,,,,11,13,6,23,5365,80,78,82,527,8,6,11,17000,21.2,20.8,201,1.2,115,0.7,79,0.5,6,0.0,889,5.2,15520,91.3,66,0,0,1,50.1,11730,65.9
17183,Illinois,Vermilion,74.8,74.1,75.5,69.7,90.9,75.4,1389,497,469,524,705,379,476,60,80,61,103,185,,55,75,10,8,13,19,,9,13,12,13,12,12,12,11,8,15,123,188,12190,15,4669,6,63,27,71,13,10,16,32,31,33,3201,7,6,9,400,2,1,3,107,939:1,12,43649,40010,47288,23963,35052,49125,62,66,60,7,5,9,57,14,11,19,21928,70,69,71,3238,11,9,12,77909,23.8,18.7,10520,13.5,292,0.4,702,0.9,22,0.0,3942,5.1,60897,78.2,463,1,0,1,50.3,25513,31.3
17185,Illinois,Wabash,79.1,77.6,80.6,,,,142,309,256,362,,,,,,,,,,,,,,,,,,11,11,12,11,11,12,11,8,15,6,62,1310,11,218,2,,,14,17,9,29,29,28,31,489,7,6,9,70,3,2,4,61,1641:1,,52535,46227,58843,,,,48,,52,,,,,,,,3711,76,72,79,386,8,5,11,11489,21.9,20.2,94,0.8,31,0.3,131,1.1,5,0.0,272,2.4,10830,94.3,53,0,0,1,49.8,4647,38.9
17187,Illinois,Warren,79.2,77.9,80.5,,,,215,326,280,371,,,,10,65,31,120,,,,,,,,,,,12,12,13,12,11,12,11,8,15,,,1880,11,620,4,,,18,15,9,23,31,30,32,858,9,8,11,135,3,2,5,35,2861:1,,54023,48222,59824,46063,38737,49492,68,50,38,,,,,,,,5084,75,72,78,401,6,4,8,17167,22.2,19.0,425,2.5,80,0.5,373,2.2,37,0.2,1656,9.6,14377,83.7,345,2,1,3,50.7,8053,45.5
17189,Illinois,Washington,78.3,76.7,79.9,,,,182,358,303,413,,,,,,,,,,,,,,,,,,10,10,11,10,10,11,10,7,13,,,1320,9,589,4,11,26,32,32,22,45,30,28,31,518,6,5,7,75,2,2,3,64,1559:1,,56118,49877,62359,,,,37,,15,,,,,,,,4631,79,76,81,480,9,6,11,14030,21.5,19.8,130,0.9,29,0.2,70,0.5,3,0.0,199,1.4,13472,96.0,46,0,0,1,50.0,10838,73.6
17191,Illinois,Wayne,77.7,76.3,79.1,,,,233,364,315,414,,,,10,67,32,123,,,,,,,,,,,11,11,12,11,11,12,11,7,15,6,44,2150,13,1193,7,,,17,15,9,24,30,29,31,746,8,7,9,135,4,2,5,61,1650:1,,46339,41272,51406,,,,45,59,54,,,,,,,,5451,77,74,79,480,7,5,9,16495,22.9,21.1,91,0.6,48,0.3,124,0.8,3,0.0,247,1.5,15837,96.0,123,1,0,1,50.8,11721,69.9
17193,Illinois,White,75.1,73.7,76.5,,,,262,478,417,540,,,,,,,,,,,,,,,,,,11,11,12,11,11,12,10,7,14,8,66,1700,12,2075,14,,,22,22,14,33,29,28,31,603,8,6,9,86,3,2,4,50,1991:1,,48202,42747,53657,,36532,46125,55,,41,,,,11,15,8,28,4752,77,75,80,472,8,6,11,13938,22.2,21.1,83,0.6,51,0.4,57,0.4,7,0.1,210,1.5,13409,96.2,73,1,0,1,50.8,9097,62.0
17195,Illinois,Whiteside,78.3,77.6,79.0,,83.9,77.8,787,369,342,397,,268,383,23,45,29,68,,,,,,,,,,,11,11,12,11,11,11,10,7,13,5,10,5180,9,4190,7,21,12,48,12,9,16,29,28,30,2306,7,6,8,313,2,2,3,100,1002:1,5,54284,48858,59710,33750,47273,52521,48,51,46,,,,18,6,4,10,17671,75,73,77,1955,9,7,10,56118,22.2,20.3,807,1.4,259,0.5,289,0.5,12,0.0,6733,12.0,47499,84.6,456,1,0,1,50.5,21845,37.3
17197,Illinois,Will,79.9,79.7,80.1,77.6,86.3,79.4,6177,281,274,288,367,185,293,274,38,34,43,84,33,33,293,5,5,6,12,4,4,10,10,10,9,9,10,9,8,11,494,88,52330,8,38861,6,384,19,367,8,7,8,31,31,32,30765,7,7,8,3948,2,2,3,53,1882:1,5,82477,79577,85377,57475,61979,86524,37,54,46,3,3,4,205,6,5,7,184080,81,81,82,28678,13,12,13,692661,25.2,12.6,79605,11.5,3200,0.5,40532,5.9,352,0.1,121149,17.5,440564,63.6,21173,3,3,3,50.3,26624,3.9
17199,Illinois,Williamson,76.8,76.2,77.5,79.8,92.4,76.6,993,397,371,422,368,,407,48,81,60,108,266,,68,41,8,6,11,,,,11,11,12,11,11,12,10,8,14,56,98,8410,13,2963,4,37,18,73,16,12,20,31,30,33,2729,7,6,8,308,2,1,3,153,654:1,9,49993,45488,54498,40096,55855,48774,48,46,35,4,2,6,61,18,14,23,19396,72,71,74,2861,11,9,13,67328,21.9,18.6,3022,4.5,309,0.5,806,1.2,16,0.0,1783,2.6,60377,89.7,407,1,0,1,50.1,23091,34.8
17201,Illinois,Winnebago,76.8,76.5,77.2,71.7,85.8,77.0,4108,413,400,426,631,239,407,191,70,61,80,125,45,63,169,7,6,8,13,4,5,12,11,12,11,11,12,10,8,12,369,155,36980,13,21680,7,317,37,215,11,9,12,36,35,37,14321,8,7,10,1738,3,2,3,98,1017:1,10,53490,51227,55753,27289,43691,56013,48,53,44,8,6,9,172,12,10,14,75723,66,65,67,15041,13,13,14,284778,23.4,17.1,36005,12.6,1581,0.6,8157,2.9,153,0.1,36409,12.8,197423,69.3,6334,2,2,3,51.2,23368,7.9
17203,Illinois,Woodford,79.8,79.0,80.7,,,,382,281,252,310,,,,23,60,38,90,,,,,,,,,,,10,9,10,10,10,10,10,7,14,20,62,3340,9,693,2,13,11,32,12,8,17,28,27,29,1182,5,4,6,211,2,1,3,49,2038:1,,75733,69810,81656,,59386,69778,25,,28,,,,22,11,7,17,12020,83,81,84,1127,8,6,10,38726,24.4,17.4,265,0.7,110,0.3,282,0.7,11,0.0,719,1.9,36952,95.4,30,0,0,0,50.2,21221,54.9
